http://89.108.77.181,https://www.морские.com,https://www.xn--e1affhkmh.com/,Welcome to nginx!
http://89.108.77.181,https://морские.com,https://xn--e1affhkmh.com/,Welcome to nginx!
https://217.28.225.132,https://www.agro-moscow.ru,---=ERROR=---,Срок регистрации домена agro-moscow.ru истек
https://217.28.225.132,https://agro-moscow.ru,---=ERROR=---,Срок регистрации домена agro-moscow.ru истек
https://217.28.225.132,https://www.agropod.ru,https://www.agropod.ru/,Агрофирма Подмосковное | аренда площадей в московской области
https://217.28.225.132,https://agropod.ru,https://agropod.ru/,Агрофирма Подмосковное | аренда площадей в московской области
http://217.28.225.132,https://backend.agropod.ru,https://backend.agropod.ru/index.php?r=site%2Flogin,Вход в административную панель
http://84.201.161.142,https://www.backend.marinsparkhotels.ru,https://www.backend.marinsparkhotels.ru/user/login,Авторизоваться
https://217.28.225.132,https://vkser.bcs15.ru,https://vkser.bcs15.ru/,Any Error!!!!!!!!!!!!!
http://217.28.225.132,https://test.bcs15.ru,https://test.bcs15.ru/,БЦ СЕМЁНОВСКИЙ
https://217.28.225.132,https://bcs15.ru,https://bcs15.ru/,БЦ СЕМЁНОВСКИЙ
https://217.28.225.132,https://kser2.bcs15.ru,https://vkser.bcs15.ru/index.php/login/,Авторизация
https://217.28.225.132,https://www.bcs15.ru,https://www.bcs15.ru/,БЦ СЕМЁНОВСКИЙ
http://10.0.0.35,https://www.bk-admin.marinsparkhotels.ru,https://www.bk-admin.marinsparkhotels.ru/login,Laravel
http://10.0.0.35,https://bk-admin.marinsparkhotels.ru,https://bk-admin.marinsparkhotels.ru/login,Booking system
http://10.0.0.35,https://www.bk-api.marinsparkhotels.ru,---=ERROR=---,API
http://10.0.0.35,https://bk-api.marinsparkhotels.ru,https://bk-api.marinsparkhotels.ru/,API
https://217.28.225.132,https://chayka-sport.ru,https://chayka-sport.ru/,"Центр омоложения, оздоровления и спорта «Чайка»"
http://217.28.225.132,https://backend.chayka-sport.ru,https://backend.chayka-sport.ru/user/login,Авторизоваться
https://217.28.225.132,https://www.chayka-sport.ru,https://www.chayka-sport.ru/,"Центр омоложения, оздоровления и спорта «Чайка»"
http://217.28.225.132,https://backend.csum.ru,https://backend.csum.ru/user/login,Авторизоваться
https://217.28.225.132,https://csum.ru,https://csum.ru/,ЦУМ - торговый центр Нижнего Новгорода – официальный сайт
https://217.28.225.132,https://t.csum.ru,https://t.csum.ru/,Website t.csum.ru is ready. The content is to be added
https://217.28.225.132,https://www.csum.ru,https://www.csum.ru/,ЦУМ - торговый центр Нижнего Новгорода – официальный сайт
http://217.28.225.132,https://dikayaliga.ru,https://dikayaliga.ru/,"Фильм ""Дикая Лига"""
http://217.28.225.132,https://www.dikayaliga.ru,https://www.dikayaliga.ru/,"Фильм ""Дикая Лига"""
https://217.28.225.132,https://dubnenskoe-doc.ru,https://dubnenskoe-doc.ru/,"Раскрытие информации ЗАО ""Дубненское"""
https://217.28.225.132,https://backend.dubnenskoe-doc.ru,https://backend.dubnenskoe-doc.ru/user/login,Авторизоваться
https://217.28.225.132,https://www.dubnenskoe-doc.ru,https://www.dubnenskoe-doc.ru/,"Раскрытие информации ЗАО ""Дубненское"""
https://217.28.225.132,https://ekprostor.ru,https://ekprostor.ru/,УК Простор
http://217.28.225.132,https://backend.ekprostor.ru,https://backend.ekprostor.ru/user/login,Авторизоваться
https://217.28.225.132,https://www.ekprostor.ru,https://www.ekprostor.ru/,УК Простор
https://217.28.225.132,https://gagarinskiy.ostrovci.ru,https://gagarinskiy.ostrovci.ru/,"Жилой комплекс ""Гагаринский"""
https://217.28.225.132,https://gorky74.ru,https://gorky74.ru/,"Торгово-развлекательный комплекс «Горки», г. Челябинск. ТРЦ, торговый комплекс &quot;Горки&quot;. | Торгово-развлекательный комплекс «Горки»"
https://217.28.225.132,https://www.gorky74.ru,https://www.gorky74.ru/,"Торгово-развлекательный комплекс «Горки», г. Челябинск. ТРЦ, торговый комплекс &quot;Горки&quot;. | Торгово-развлекательный комплекс «Горки»"
http://217.28.225.132,https://backend.gorky74.ru,https://backend.gorky74.ru/user/login,Авторизоваться
https://217.28.225.132,https://grand-ast.com,https://marinshotels.ru/astr/rooms,Маринс Гранд Отель Астрахань | Номера
https://217.28.225.132,https://www.grand-ast.com,https://marinshotels.ru/astr/rooms,Маринс Гранд Отель Астрахань | Номера
https://217.28.225.132,https://grand-ast.ru,https://marinshotels.ru/astr/rooms,Маринс Гранд Отель Астрахань | Номера
https://217.28.225.132,https://www.grand-ast.ru,https://marinshotels.ru/astr/rooms,Маринс Гранд Отель Астрахань | Номера
https://217.28.225.132,https://www.kolibel-marinsgroup.ru,https://www.kolibel-marinsgroup.ru/,Колыбель - благотворительная программа Союза Маринс Групп
https://217.28.225.132,https://backend.kolibel-marinsgroup.ru,https://backend.kolibel-marinsgroup.ru/user/login,Авторизоваться
https://217.28.225.132,https://kolibel-marinsgroup.ru,https://kolibel-marinsgroup.ru/,Колыбель - благотворительная программа Союза Маринс Групп
http://217.28.225.132,https://backend.kraszem.ru,https://backend.kraszem.ru/user/login,Авторизоваться
http://217.28.225.132,https://afisha.kraszem.ru,https://afisha.kraszem.ru/,Account disabled by server administrator
http://217.28.225.132,https://backend.map.kraszem.ru,https://backend.map.kraszem.ru/user/login,Авторизоваться
https://217.28.225.132,https://map.kraszem.ru,https://map.kraszem.ru/,
https://217.28.225.132,https://zem-expert.kraszem.ru,https://zem-expert.kraszem.ru/,Нет TITLE
http://217.28.225.132,https://www.kraszem.ru,https://www.kraszem.ru/,Земельные участки в Подмосковье купить недорого от собственника «Красивая Земля»
http://217.28.225.132,https://prom.kraszem.ru,https://prom.kraszem.ru/,Продажа земельных участков промышленного назначения в Подмосковье - Красивая Земля
https://217.28.225.132,https://kraszem.ru,https://www.kraszem.ru/,Земельные участки в Подмосковье купить недорого от собственника «Красивая Земля»
http://217.28.225.132,https://backend.kulikov.ag,https://backend.kulikov.ag/,404 Not Found
https://217.28.225.132,https://kulikov.ag,https://kulikov.ag/,"Александр Куликов - музыкант, актер, кинопродюсер."
https://217.28.225.132,https://www.kulikov.ag,https://kulikov.ag/,"Александр Куликов - музыкант, актер, кинопродюсер."
https://217.28.225.132,https://local-host.team,https://local-host.team/,ÐÐ¾ÐºÐ°Ð»Ð¥Ð¾ÑÑ. Ð Ð°Ð·ÑÐ°Ð±Ð¾ÑÐºÐ° Ð¸ ÑÐ¾Ð¿ÑÐ¾Ð²Ð¾Ð¶Ð´ÐµÐ½Ð¸Ðµ ÑÐ¸ÑÑÐµÐ¼ Ð°Ð²ÑÐ¾Ð¼Ð°ÑÐ¸Ð·Ð°ÑÐ¸Ð¸ Ð±Ð¸Ð·Ð½ÐµÑÐ°.
https://217.28.225.132,https://www.marinesgroup.ru,https://vkser.bcs15.ru/index.php/login/,Авторизация
https://217.28.225.132,https://marinesgroup.ru,https://vkser.bcs15.ru/index.php/login/,Авторизация
https://217.28.225.132,https://www.marinsgroup.com,https://marinsgroup.ru,"Официальный сайт компании Союз Маринс Групп. Последние новости, новые проекты и отзывы о компании."
https://217.28.225.132,https://m.marinsgroup.com,https://marinsgroup.ru,"Официальный сайт компании Союз Маринс Групп. Последние новости, новые проекты и отзывы о компании."
http://217.28.225.132,https://vacancies.marinsgroup.com,https://vacancies.marinsgroup.com/,Unauthorized (#401)
https://217.28.225.132,https://marinsgroup.com,https://marinsgroup.ru,"Официальный сайт компании Союз Маринс Групп. Последние новости, новые проекты и отзывы о компании."
https://217.28.225.132,https://koleso.marinsgroup.com,https://koleso.marinsgroup.com/,Колесо 5 звёзд Екатеринбург
http://217.28.225.132,https://backend.marinsgroup.com,https://backend.marinsgroup.com/,temporary closed!
https://217.28.225.132,https://marinsgroup.org,https://marinsgroup.org/,Официальный сайт Мемориала боевой славы воинов Великой Отечественной войны
https://217.28.225.132,https://www.marinsgroup.org,https://www.marinsgroup.org/,Официальный сайт Мемориала боевой славы воинов Великой Отечественной войны
http://217.28.225.132,https://backend.marinsgroup.org,https://backend.marinsgroup.org/user/login,Авторизоваться
https://217.28.225.132,https://marinsgroup.ru,https://marinsgroup.ru/,"Официальный сайт компании Союз Маринс Групп. Последние новости, новые проекты и отзывы о компании."
http://10.0.1.64,https://list.marinsgroup.ru,https://list.marinsgroup.ru/login,Marins group
https://217.28.225.132,https://www.marinsgroup.ru,https://www.marinsgroup.ru/,"Официальный сайт компании Союз Маринс Групп. Последние новости, новые проекты и отзывы о компании."
https://217.28.225.132,https://backend.marinsgroup.ru,https://backend.marinsgroup.ru/user/login,Авторизоваться
http://217.28.225.132,https://test.backend.marinsgroup.ru,https://test.backend.marinsgroup.ru/user/login,Авторизоваться
http://217.28.225.132,https://test.marinsgroup.ru,https://test.marinsgroup.ru/,401 Unauthorized
http://217.28.225.132,https://backend.marinsgroup.tv,https://backend.marinsgroup.tv/user/login,Авторизоваться
https://217.28.225.132,https://marinsgroup.tv,https://marinsgroup.tv/,Кинокомпания «Союз Маринс Групп» — Видео
https://217.28.225.132,https://www.marinsgroup.tv,https://www.marinsgroup.tv/,Кинокомпания «Союз Маринс Групп» — Видео
https://84.201.161.142,https://www.marinshotels.ru,https://marinshotels.ru/,Сеть отелей Marins Hotels
https://84.201.161.142,https://marinshotels.ru,https://marinshotels.ru/,Сеть отелей Marins Hotels
https://217.28.225.132,https://d.marinsparkhotel.ru,https://d.marinsparkhotel.ru/,Discount - Site
http://217.28.225.132,https://marinsparkhotel.ru,https://marinshotels.ru/,Сеть отелей Marins Hotels
http://217.28.225.132,https://www.marinsparkhotel.ru,https://marinshotels.ru/,Сеть отелей Marins Hotels
https://84.201.161.142,https://www.marinsparkhotels.ru,https://marinshotels.ru/,Сеть отелей Marins Hotels
https://217.28.225.132,https://ast.marinsparkhotels.ru,https://ast.marinsparkhotels.ru/,Website ast.marinsparkhotels.ru is ready. The content is to be added
http://10.0.1.64,https://payment.marinsparkhotels.ru,https://payment.marinsparkhotels.ru/,Сеть отелей Marins Hotel
https://84.201.161.142,https://marinsparkhotels.ru,https://marinshotels.ru/,Сеть отелей Marins Hotels
http://10.0.0.70:3000,https://hk-node.marinsparkhotels.ru,https://hk-node.marinsparkhotels.ru/,hello world!!!
http://10.0.0.70:8080,https://hk-admin.marinsparkhotels.ru,https://hk-admin.marinsparkhotels.ru/site/login,Авторизация
http://10.0.0.70,https://hk.marinsparkhotels.ru,https://hk.marinsparkhotels.ru/,Ionic App
http://84.201.161.142,https://backend.marinsparkhotels.ru,https://backend.marinsparkhotels.ru/user/login,Авторизоваться
http://10.0.0.70:8081,https://hk-api.marinsparkhotels.ru,https://hk-api.marinsparkhotels.ru/,Any Error!!!!!!!!!!!!!
https://217.28.225.132,https://www.mebelny-bazar.ru,https://www.mebelny-bazar.ru/,ТЦ Мебельный Базар - современный мебельный торговый центр Нинжнего Новгорода
http://217.28.225.132,https://www.backend.mebelny-bazar.ru,https://www.backend.mebelny-bazar.ru/user/login,Авторизоваться
http://217.28.225.132,https://backend.mebelny-bazar.ru,https://backend.mebelny-bazar.ru/user/login,Авторизоваться
https://217.28.225.132,https://mebelny-bazar.ru,https://mebelny-bazar.ru/,ТЦ Мебельный Базар - современный мебельный торговый центр Нинжнего Новгорода
https://217.28.225.132,https://meshera-doc.ru,---=ERROR=---,Any Error!!!!!!!!!!!!!
http://217.28.225.132,https://backend.meshera-doc.ru,---=ERROR=---,Any Error!!!!!!!!!!!!!
https://217.28.225.132,https://www.meshera-doc.ru,---=ERROR=---,Any Error!!!!!!!!!!!!!
https://217.28.225.132,https://metopt.ru,https://metopt.ru/,Компания «Металлоптторг»: аренда площадей в Нижнем Новгороде
https://217.28.225.132,https://www.metopt.ru,https://www.metopt.ru/,Компания «Металлоптторг»: аренда площадей в Нижнем Новгороде
http://217.28.225.132,https://backend.metopt.ru,https://backend.metopt.ru/user/login,Авторизоваться
http://217.28.225.132,https://test.mpeh.ru,https://test.mpeh.ru/,404 Not Found
http://217.28.225.132,https://backend.mpeh.ru,https://backend.mpeh.ru/user/login,Авторизоваться
https://217.28.225.132,https://mpeh.ru,https://mpeh.ru/,"Журнал «Морской пехотинец»: морская пехота, морпехи"
https://217.28.225.132,https://www.mpeh.ru,https://www.mpeh.ru/,"Журнал «Морской пехотинец»: морская пехота, морпехи"
https://217.28.225.132,https://www.mphotels.ru,https://www.mphotels.ru/,Универсальная система бронирования отелей
https://217.28.225.132,https://mphotels.ru,https://mphotels.ru/,Универсальная система бронирования отелей
https://217.28.225.132,https://muravey-nn.ru,https://muravey-nn.ru/,Муравей пр. Ленина - торговый центр Нижнего Новгорода – официальный сайт
http://217.28.225.132,https://backend.muravey-nn.ru,https://backend.muravey-nn.ru/user/login,Авторизоваться
https://217.28.225.132,https://www.muravey-nn.ru,https://www.muravey-nn.ru/,Муравей пр. Ленина - торговый центр Нижнего Новгорода – официальный сайт
http://217.28.225.132,https://backend.mv-inform.ru,---=ERROR=---,Не доступен даже локально
https://217.28.225.132,https://www.mv-inform.ru,https://www.mv-inform.ru/,«Московский Вестник» - он-лайн приложение к газете «Marins News» - Московский вестник
https://217.28.225.132,https://mv-inform.ru,https://mv-inform.ru/,«Московский Вестник» - он-лайн приложение к газете «Marins News» - Московский вестник
https://217.28.225.132,https://nagatinsky.com,https://nagatinsky.com/,БЦ Нагатинский - Прямая аренда офиса без посредников в Москве.
https://217.28.225.132,https://www.nagatinsky.com,https://www.nagatinsky.com/,БЦ Нагатинский - Прямая аренда офиса без посредников в Москве.
http://217.28.225.132,https://backend.nagatinsky.com,https://backend.nagatinsky.com/index.php?r=site%2Flogin,Вход в административную панель
https://217.28.225.132,https://nebo-nn.com,https://nebo-nn.com/,НЕБО - торговый центр Нижний Новгород - новый официальный сайт
http://217.28.225.132,https://backend.nebo-nn.com,https://backend.nebo-nn.com/user/login,Авторизоваться
https://217.28.225.132,https://www.nebo-nn.com,https://www.nebo-nn.com/,НЕБО - торговый центр Нижний Новгород - новый официальный сайт
https://217.28.225.132,https://newbyt-doc.ru,https://newbyt-doc.ru/,"Раскрытие информации ЗАО ""Новый Быт"""
http://217.28.225.132,https://backend.newbyt-doc.ru,https://backend.newbyt-doc.ru/user/login,Авторизоваться
https://217.28.225.132,https://www.newbyt-doc.ru,https://www.newbyt-doc.ru/,"Раскрытие информации ЗАО ""Новый Быт"""
https://217.28.225.132,https://www.niitavtoprom.ru,https://www.niitavtoprom.ru/,НИИТавтопром. Научно-исследовательский институт технологии автомобильной промышленности
https://217.28.225.132,https://niitavtoprom.ru,https://niitavtoprom.ru/,НИИТавтопром. Научно-исследовательский институт технологии автомобильной промышленности
https://217.28.225.132,https://www.olimpiec-doc.ru,https://www.olimpiec-doc.ru/,РАСКРЫТИЕ ИНФОРМАЦИИ
https://217.28.225.132,https://olimpiec-doc.ru,https://olimpiec-doc.ru/,РАСКРЫТИЕ ИНФОРМАЦИИ
https://217.28.225.132,https://backend.olimpiec-doc.ru,https://backend.olimpiec-doc.ru/user/login,Авторизоваться
https://217.28.225.132,https://www.ostrovci.ru,https://www.ostrovci.ru/,Ошибка TITLE
https://217.28.225.132,https://ostrovci.ru,https://ostrovci.ru/,Ошибка TITLE
https://217.28.225.132,https://ostrovcy-teplo.ru,https://ostrovcy-teplo.ru/,"Раскрытие информации ООО ""Строительная группа ""Инфинити"""
https://217.28.225.132,https://www.ostrovcy-teplo.ru,https://www.ostrovcy-teplo.ru/,"Раскрытие информации ООО ""Строительная группа ""Инфинити"""
http://217.28.225.132,https://backend.ostrovcy-teplo.ru,https://backend.ostrovcy-teplo.ru/user/login,Авторизоваться
https://84.201.161.142,https://www.ostrovcyvoda.ru,https://www.ostrovcyvoda.ru/,Ресурсоснабжающая организация «Инфинити»
http://84.201.161.142,https://backend.ostrovcyvoda.ru,https://backend.ostrovcyvoda.ru/user/login,Авторизоваться
https://84.201.161.142,https://ostrovcyvoda.ru,https://ostrovcyvoda.ru/,Ресурсоснабжающая организация «Инфинити»
https://217.28.225.132,https://prishelets.com,https://prishelets.com/,"Фильм ""Пришелец"""
https://217.28.225.132,https://www.prishelets.com,https://www.prishelets.com/,"Фильм ""Пришелец"""
https://217.28.225.132,https://slugba-slugenie.ru,https://slugba-slugenie.ru/,Служба и служение
https://217.28.225.132,https://backend.slugba-slugenie.ru,https://backend.slugba-slugenie.ru/user/login,Авторизоваться
https://217.28.225.132,https://www.slugba-slugenie.ru,https://www.slugba-slugenie.ru/,Служба и служение
https://217.28.225.132,https://www.sormovskie-zori.ru,https://www.sormovskie-zori.ru/,Универмаг &quot;Сормовские Зори&quot; - расположен в самом центре Нижнего Новгорода – официальный сайт
http://217.28.225.132,https://backend.sormovskie-zori.ru,https://backend.sormovskie-zori.ru/user/login,Авторизоваться
https://217.28.225.132,https://sormovskie-zori.ru,https://sormovskie-zori.ru/,Универмаг &quot;Сормовские Зори&quot; - расположен в самом центре Нижнего Новгорода – официальный сайт
https://217.28.225.132,https://sosnoviybor.su,https://sosnoviybor.su/,"Коттеджный посёлок «Сосновый Бор», деревня Островцы."
https://217.28.225.132,https://www.sosnoviybor.su,https://www.sosnoviybor.su/,"Коттеджный посёлок «Сосновый Бор», деревня Островцы."
http://217.28.225.132,https://backend.soyuzmarinsgroup-doc.ru,https://backend.soyuzmarinsgroup-doc.ru/user/login,Авторизоваться
https://217.28.225.132,https://soyuzmarinsgroup-doc.ru,https://soyuzmarinsgroup-doc.ru/,"Раскрытие информации АО ""Союз Маринс Групп"""
https://217.28.225.132,https://www.soyuzmarinsgroup-doc.ru,https://www.soyuzmarinsgroup-doc.ru/,"Раскрытие информации АО ""Союз Маринс Групп"""
https://217.28.225.132,https://www.stremilovskoedoc.ru,https://www.stremilovskoedoc.ru/,"ОАО ""ТД Мещера"" - Главная страница"
https://217.28.225.132,https://stremilovskoedoc.ru,https://stremilovskoedoc.ru/,"ОАО ""ТД Мещера"" - Главная страница"
http://217.28.225.132,https://backend.stremilovskoedoc.ru,https://backend.stremilovskoedoc.ru/user/login,Авторизоваться
https://217.28.225.132,https://trc-nora.ru,https://trc-nora.ru/,Торгово-развлекательный центр НОРА г. Москва – официальный сайт
https://217.28.225.132,https://www.trc-nora.ru,https://www.trc-nora.ru/,Торгово-развлекательный центр НОРА г. Москва – официальный сайт
http://217.28.225.132,https://backend.trc-nora.ru,https://backend.trc-nora.ru/user/login,Авторизоваться
https://217.28.225.132,https://www.uksmg.ru,https://www.uksmg.ru/,403 Forbidden
https://217.28.225.132,https://uksmg.ru,https://uksmg.ru/,403 Forbidden
https://217.28.225.132,https://www.yaltaintourist-doc.ru,https://www.yaltaintourist-doc.ru/,РАСКРЫТИЕ ИНФОРМАЦИИ
https://217.28.225.132,https://yaltaintourist-doc.ru,https://yaltaintourist-doc.ru/,РАСКРЫТИЕ ИНФОРМАЦИИ
http://217.28.225.132,https://backend.yaltaintourist-doc.ru,https://backend.yaltaintourist-doc.ru/user/login,Авторизоваться
https://217.28.225.132,https://yaltaintourist.ru,https://yaltaintourist.ru/,Отель «Ялта-Интурист» – отдых в Крыму круглый год
http://217.28.225.132,https://backend.yaltaintourist.ru,https://backend.yaltaintourist.ru/user/login,Авторизоваться
https://217.28.225.132,https://www.yaltaintourist.ru,https://www.yaltaintourist.ru/,Отель «Ялта-Интурист» – отдых в Крыму круглый год
84.201.161.142,https://transfer.mphotels.ru,https://transfer.mphotels.ru/,Оплата
84.201.161.142,https://www.transfer.mphotels.ru,https://www.transfer.mphotels.ru/,Резервирование
84.201.161.142,https://pay.mphotels.ru,https://pay.mphotels.ru/,Vite App
84.201.161.142,https://client.mphotels.ru,https://client.mphotels.ru/,booking
217.28.225.132,https://backend.bcs15.ru,https://backend.bcs15.ru/user/login,Авторизоваться
217.28.225.132,https://d.marinsparkhotel.ru,https://d.marinsparkhotel.ru/,Discount - Site
84.201.161.142,https://cdn.mphotels.ru,https://cdn.mphotels.ru/,403 Forbidden
84.201.161.143,https://fonts.mphotels.ru,https://fonts.mphotels.ru/,403 Forbidden
109.73.14.236,https://bk-api.mphotels.ru,https://bk-api.mphotels.ru/,Welcome to nginx!
84.201.161.142,https://bot.mphotels.ru,https://bot.mphotels.ru/login,MPH bot
109.73.14.243,https://lk.mphotels.ru/admin/,https://lk.mphotels.ru/admin/login/?next=/admin/,Войти | Logus CRM Administration
