Начало сканирования:,2024-02-06 13:37
Адрес сайта,Доступность,Код ответа
https://www.xn--e1affhkmh.com/,Сайт не доступен!!!,200
https://xn--e1affhkmh.com/,Сайт доступен,200
https://www.agropod.ru/,Сайт доступен,200
https://agropod.ru/,Сайт доступен,200
https://backend.agropod.ru/index.php?r=site%2Flogin,Сайт доступен,200
https://www.backend.marinsparkhotels.ru/user/login,Сайт доступен,200
https://vkser.bcs15.ru/index.php/login/,Сайт доступен,200
https://test.bcs15.ru/,Сайт доступен,200
https://bcs15.ru/,Сайт доступен,200
https://www.bcs15.ru/,Сайт доступен,200
https://www.bk-admin.marinsparkhotels.ru/login,Сайт доступен,200
https://bk-admin.marinsparkhotels.ru/login,Сайт доступен,200
https://chayka-sport.ru/,Сайт доступен,200
https://backend.chayka-sport.ru/user/login,Сайт доступен,200
https://www.chayka-sport.ru/,Сайт доступен,200
https://backend.csum.ru/user/login,Сайт доступен,200
https://csum.ru/,Сайт доступен,200
https://t.csum.ru/,Сайт доступен,200
https://www.csum.ru/,Сайт доступен,200
https://dikayaliga.ru/,Сайт доступен,200
https://www.dikayaliga.ru/,Сайт доступен,200
https://dubnenskoe-doc.ru/,Сайт доступен,200
https://backend.dubnenskoe-doc.ru/user/login,Сайт доступен,200
https://www.dubnenskoe-doc.ru/,Сайт доступен,200
https://ekprostor.ru/,Сайт доступен,200
https://backend.ekprostor.ru/user/login,Сайт доступен,200
https://www.ekprostor.ru/,Сайт доступен,200
https://gagarinskiy.ostrovci.ru/,Сайт доступен,200
https://gorky74.ru/,Сайт доступен,200
https://www.gorky74.ru/,Сайт доступен,200
https://backend.gorky74.ru/user/login,Сайт доступен,200
https://marinshotels.ru/astr/rooms,Сайт доступен,200
https://marinshotels.ru/astr/rooms,Сайт доступен,200
https://marinshotels.ru/astr/rooms,Сайт доступен,200
https://marinshotels.ru/astr/rooms,Сайт доступен,200
https://www.kolibel-marinsgroup.ru/,Сайт доступен,200
https://backend.kolibel-marinsgroup.ru/user/login,Сайт доступен,200
https://kolibel-marinsgroup.ru/,Сайт доступен,200
https://backend.kraszem.ru/user/login,Сайт доступен,200
https://afisha.kraszem.ru/,Сайт доступен,403
https://backend.map.kraszem.ru/user/login,Сайт доступен,200
https://www.kraszem.ru/,Сайт доступен,200
https://prom.kraszem.ru/,Сайт доступен,200
https://www.kraszem.ru/,Сайт доступен,200
https://backend.kulikov.ag/,Сайт доступен,404
https://kulikov.ag/,Сайт доступен,200
https://kulikov.ag/,Сайт доступен,200
https://local-host.team/,Сайт доступен,200
https://marinsgroup.ru,Сайт доступен,200
https://marinsgroup.ru,Сайт доступен,200
https://vacancies.marinsgroup.com/,Сайт доступен,401
https://marinsgroup.ru,Сайт доступен,200
https://koleso.marinsgroup.com/,Сайт доступен,200
https://marinsgroup.org/,Сайт доступен,200
https://www.marinsgroup.org/,Сайт доступен,200
https://backend.marinsgroup.org/user/login,Сайт доступен,200
https://marinsgroup.ru/,Сайт доступен,200
https://list.marinsgroup.ru/login,Сайт доступен,200
https://www.marinsgroup.ru/,Сайт доступен,200
https://backend.marinsgroup.ru/user/login,Сайт доступен,200
https://test.backend.marinsgroup.ru/user/login,Сайт доступен,200
https://test.marinsgroup.ru/,Сайт доступен,401
https://backend.marinsgroup.tv/user/login,Сайт доступен,200
https://marinsgroup.tv/,Сайт доступен,200
https://www.marinsgroup.tv/,Сайт доступен,200
https://marinshotels.ru/,Сайт доступен,200
https://marinshotels.ru/,Сайт доступен,200
https://d.marinsparkhotel.ru/,Сайт доступен,200
https://marinshotels.ru/,Сайт доступен,200
https://marinshotels.ru/,Сайт доступен,200
https://marinshotels.ru/,Сайт доступен,200
https://ast.marinsparkhotels.ru/,Сайт доступен,200
https://payment.marinsparkhotels.ru/,Сайт доступен,200
https://marinshotels.ru/,Сайт доступен,200
https://hk-admin.marinsparkhotels.ru/site/login,Сайт доступен,200
https://hk.marinsparkhotels.ru/,Сайт доступен,200
https://backend.marinsparkhotels.ru/user/login,Сайт доступен,200
https://www.mebelny-bazar.ru/,Сайт доступен,200
https://www.backend.mebelny-bazar.ru/user/login,Сайт доступен,200
https://backend.mebelny-bazar.ru/user/login,Сайт доступен,200
https://mebelny-bazar.ru/,Сайт доступен,200
https://metopt.ru/,Сайт доступен,200
https://www.metopt.ru/,Сайт доступен,200
https://backend.metopt.ru/user/login,Сайт доступен,200
https://test.mpeh.ru/,Сайт доступен,404
https://backend.mpeh.ru/user/login,Сайт доступен,200
https://mpeh.ru/,Сайт доступен,200
https://www.mpeh.ru/,Сайт доступен,200
https://www.mphotels.ru/,Сайт доступен,200
https://mphotels.ru/,Сайт доступен,200
https://muravey-nn.ru/,Сайт доступен,200
https://backend.muravey-nn.ru/user/login,Сайт доступен,200
https://www.muravey-nn.ru/,Сайт доступен,200
https://www.mv-inform.ru/,Сайт доступен,200
https://mv-inform.ru/,Сайт доступен,200
https://nagatinsky.com/,Сайт доступен,200
https://www.nagatinsky.com/,Сайт доступен,200
https://backend.nagatinsky.com/index.php?r=site%2Flogin,Сайт доступен,200
https://nebo-nn.com/,Сайт доступен,200
https://backend.nebo-nn.com/user/login,Сайт доступен,200
https://www.nebo-nn.com/,Сайт доступен,200
https://newbyt-doc.ru/,Сайт доступен,200
https://backend.newbyt-doc.ru/user/login,Сайт доступен,200
https://www.newbyt-doc.ru/,Сайт доступен,200
https://www.niitavtoprom.ru/,Сайт доступен,200
https://niitavtoprom.ru/,Сайт доступен,200
https://www.olimpiec-doc.ru/,Сайт доступен,200
https://olimpiec-doc.ru/,Сайт доступен,200
https://backend.olimpiec-doc.ru/user/login,Сайт доступен,200
https://ostrovcy-teplo.ru/,Сайт доступен,200
https://www.ostrovcy-teplo.ru/,Сайт доступен,200
https://backend.ostrovcy-teplo.ru/user/login,Сайт доступен,200
https://www.ostrovcyvoda.ru/,Сайт доступен,200
https://backend.ostrovcyvoda.ru/user/login,Сайт доступен,200
https://ostrovcyvoda.ru/,Сайт доступен,200
https://prishelets.com/,Сайт доступен,200
https://www.prishelets.com/,Сайт доступен,200
https://slugba-slugenie.ru/,Сайт доступен,200
https://backend.slugba-slugenie.ru/user/login,Сайт доступен,200
https://www.slugba-slugenie.ru/,Сайт доступен,200
https://backend.sormovskie-zori.ru/user/login,Сайт доступен,200
https://sosnoviybor.su/,Сайт доступен,200
https://www.sosnoviybor.su/,Сайт доступен,200
https://backend.soyuzmarinsgroup-doc.ru/user/login,Сайт доступен,200
https://soyuzmarinsgroup-doc.ru/,Сайт доступен,200
https://www.soyuzmarinsgroup-doc.ru/,Сайт доступен,200
https://www.stremilovskoedoc.ru/,Сайт доступен,200
https://stremilovskoedoc.ru/,Сайт доступен,200
https://backend.stremilovskoedoc.ru/user/login,Сайт доступен,200
https://trc-nora.ru/,Сайт доступен,200
https://www.trc-nora.ru/,Сайт доступен,200
https://backend.trc-nora.ru/user/login,Сайт доступен,200
https://www.uksmg.ru/,Сайт доступен,403
https://uksmg.ru/,Сайт доступен,403
https://www.yaltaintourist-doc.ru/,Сайт доступен,200
https://yaltaintourist-doc.ru/,Сайт доступен,200
https://backend.yaltaintourist-doc.ru/user/login,Сайт доступен,200
https://yaltaintourist.ru/,Сайт доступен,200
https://backend.yaltaintourist.ru/user/login,Сайт доступен,200
https://www.yaltaintourist.ru/,Сайт доступен,200
https://transfer.mphotels.ru/,Сайт доступен,200
https://www.transfer.mphotels.ru/,Сайт доступен,200
https://pay.mphotels.ru/,Сайт доступен,200
https://client.mphotels.ru/,Сайт доступен,200
https://backend.bcs15.ru/user/login,Сайт доступен,200
https://d.marinsparkhotel.ru/,Сайт доступен,200
https://cdn.mphotels.ru/,Сайт доступен,403
https://fonts.mphotels.ru/,Сайт доступен,403
https://bot.mphotels.ru/login,Сайт доступен,200
https://lk.mphotels.ru/admin/login/?next=/admin/,Сайт доступен,200
Всего не доступно:,1
Конец сканирования:,2024-02-06 13:37
 
Начало сканирования:,2024-04-01 11:20
Адрес сайта,Доступность,Код ответа
https://www.xn--e1affhkmh.com/,Сайт не доступен!!!,200
https://xn--e1affhkmh.com/,Сайт доступен,200
https://www.agropod.ru/,Сайт доступен,200
https://agropod.ru/,Сайт доступен,200
https://backend.agropod.ru/index.php?r=site%2Flogin,Сайт доступен,200
https://www.backend.marinsparkhotels.ru/user/login,Сайт доступен,200
https://vkser.bcs15.ru/index.php/login/,Сайт доступен,200
https://test.bcs15.ru/,Сайт доступен,200
https://bcs15.ru/,Сайт доступен,200
https://www.bcs15.ru/,Сайт доступен,200
https://www.bk-admin.marinsparkhotels.ru/login,Сайт доступен,200
https://bk-admin.marinsparkhotels.ru/login,Сайт доступен,200
https://chayka-sport.ru/,Сайт доступен,200
https://backend.chayka-sport.ru/user/login,Сайт доступен,200
https://www.chayka-sport.ru/,Сайт доступен,200
https://backend.csum.ru/user/login,Сайт доступен,200
https://csum.ru/,Сайт доступен,200
https://t.csum.ru/,Сайт доступен,200
https://www.csum.ru/,Сайт доступен,200
https://dikayaliga.ru/,Сайт доступен,200
https://www.dikayaliga.ru/,Сайт доступен,200
https://dubnenskoe-doc.ru/,Сайт доступен,200
https://backend.dubnenskoe-doc.ru/user/login,Сайт доступен,200
https://www.dubnenskoe-doc.ru/,Сайт доступен,200
https://ekprostor.ru/,Сайт доступен,200
https://backend.ekprostor.ru/user/login,Сайт доступен,200
https://www.ekprostor.ru/,Сайт доступен,200
https://gagarinskiy.ostrovci.ru/,Сайт доступен,200
https://gorky74.ru/,Сайт доступен,200
https://www.gorky74.ru/,Сайт доступен,200
https://backend.gorky74.ru/user/login,Сайт доступен,200
https://marinshotels.ru/astr/rooms,Сайт доступен,200
https://marinshotels.ru/astr/rooms,Сайт доступен,200
https://marinshotels.ru/astr/rooms,Сайт доступен,200
https://marinshotels.ru/astr/rooms,Сайт доступен,200
https://www.kolibel-marinsgroup.ru/,Сайт доступен,200
https://backend.kolibel-marinsgroup.ru/user/login,Сайт доступен,200
https://kolibel-marinsgroup.ru/,Сайт доступен,200
https://backend.kraszem.ru/user/login,Сайт доступен,200
https://afisha.kraszem.ru/,Сайт доступен,403
https://backend.map.kraszem.ru/user/login,Сайт доступен,200
https://www.kraszem.ru/,Сайт доступен,200
https://prom.kraszem.ru/,Сайт доступен,200
https://www.kraszem.ru/,Сайт доступен,200
https://backend.kulikov.ag/,Сайт доступен,404
https://kulikov.ag/,Сайт доступен,200
https://kulikov.ag/,Сайт доступен,200
https://local-host.team/,Сайт доступен,200
https://marinsgroup.ru,Сайт доступен,200
https://marinsgroup.ru,Сайт доступен,200
https://vacancies.marinsgroup.com/,Сайт доступен,401
https://marinsgroup.ru,Сайт доступен,200
https://koleso.marinsgroup.com/,Сайт доступен,200
https://marinsgroup.org/,Сайт доступен,200
https://www.marinsgroup.org/,Сайт доступен,200
https://backend.marinsgroup.org/user/login,Сайт доступен,200
https://marinsgroup.ru/,Сайт доступен,200
https://list.marinsgroup.ru/login,Сайт доступен,200
https://www.marinsgroup.ru/,Сайт доступен,200
https://backend.marinsgroup.ru/user/login,Сайт доступен,200
https://test.backend.marinsgroup.ru/user/login,Сайт доступен,200
https://test.marinsgroup.ru/,Сайт доступен,401
https://backend.marinsgroup.tv/user/login,Сайт доступен,200
https://marinsgroup.tv/,Сайт доступен,200
https://www.marinsgroup.tv/,Сайт доступен,200
https://marinshotels.ru/,Сайт доступен,200
https://marinshotels.ru/,Сайт доступен,200
https://d.marinsparkhotel.ru/,Сайт доступен,200
https://marinshotels.ru/,Сайт доступен,200
https://marinshotels.ru/,Сайт доступен,200
https://marinshotels.ru/,Сайт доступен,200
https://ast.marinsparkhotels.ru/,Сайт доступен,200
https://payment.marinsparkhotels.ru/,Сайт доступен,200
https://marinshotels.ru/,Сайт доступен,200
https://hk-admin.marinsparkhotels.ru/site/login,Сайт доступен,200
https://hk.marinsparkhotels.ru/,Сайт доступен,200
https://backend.marinsparkhotels.ru/user/login,Сайт доступен,200
https://www.mebelny-bazar.ru/,Сайт доступен,200
https://www.backend.mebelny-bazar.ru/user/login,Сайт доступен,200
https://backend.mebelny-bazar.ru/user/login,Сайт доступен,200
https://mebelny-bazar.ru/,Сайт доступен,200
https://metopt.ru/,Сайт доступен,200
https://www.metopt.ru/,Сайт доступен,200
https://backend.metopt.ru/user/login,Сайт доступен,200
https://test.mpeh.ru/,Сайт доступен,404
https://backend.mpeh.ru/user/login,Сайт доступен,200
https://mpeh.ru/,Сайт доступен,200
https://www.mpeh.ru/,Сайт доступен,200
https://www.mphotels.ru/,Сайт доступен,200
https://mphotels.ru/,Сайт доступен,200
https://muravey-nn.ru/,Сайт доступен,200
https://backend.muravey-nn.ru/user/login,Сайт доступен,200
https://www.muravey-nn.ru/,Сайт доступен,200
https://www.mv-inform.ru/,Сайт доступен,200
https://mv-inform.ru/,Сайт доступен,200
https://nagatinsky.com/,Сайт доступен,200
https://www.nagatinsky.com/,Сайт доступен,200
https://backend.nagatinsky.com/index.php?r=site%2Flogin,Сайт доступен,200
https://nebo-nn.com/,Сайт доступен,200
https://backend.nebo-nn.com/user/login,Сайт доступен,200
https://www.nebo-nn.com/,Сайт доступен,200
https://newbyt-doc.ru/,Сайт доступен,200
https://backend.newbyt-doc.ru/user/login,Сайт доступен,200
https://www.newbyt-doc.ru/,Сайт доступен,200
https://www.niitavtoprom.ru/,Сайт доступен,200
https://niitavtoprom.ru/,Сайт доступен,200
https://www.olimpiec-doc.ru/,Сайт доступен,200
https://olimpiec-doc.ru/,Сайт доступен,200
https://backend.olimpiec-doc.ru/user/login,Сайт доступен,200
https://ostrovcy-teplo.ru/,Сайт доступен,200
https://www.ostrovcy-teplo.ru/,Сайт доступен,200
https://backend.ostrovcy-teplo.ru/user/login,Сайт доступен,200
https://www.ostrovcyvoda.ru/,Сайт доступен,200
https://backend.ostrovcyvoda.ru/user/login,Сайт доступен,200
https://ostrovcyvoda.ru/,Сайт доступен,200
https://prishelets.com/,Сайт доступен,200
https://www.prishelets.com/,Сайт доступен,200
https://slugba-slugenie.ru/,Сайт доступен,200
https://backend.slugba-slugenie.ru/user/login,Сайт доступен,200
https://www.slugba-slugenie.ru/,Сайт доступен,200
https://backend.sormovskie-zori.ru/user/login,Сайт доступен,200
https://sosnoviybor.su/,Сайт доступен,200
https://www.sosnoviybor.su/,Сайт доступен,200
https://backend.soyuzmarinsgroup-doc.ru/user/login,Сайт доступен,200
https://soyuzmarinsgroup-doc.ru/,Сайт доступен,200
https://www.soyuzmarinsgroup-doc.ru/,Сайт доступен,200
https://www.stremilovskoedoc.ru/,Сайт доступен,200
https://stremilovskoedoc.ru/,Сайт доступен,200
https://backend.stremilovskoedoc.ru/user/login,Сайт доступен,200
https://trc-nora.ru/,Сайт доступен,200
https://www.trc-nora.ru/,Сайт доступен,200
https://backend.trc-nora.ru/user/login,Сайт доступен,200
https://www.uksmg.ru/,Сайт доступен,403
https://uksmg.ru/,Сайт доступен,403
https://www.yaltaintourist-doc.ru/,Сайт доступен,200
https://yaltaintourist-doc.ru/,Сайт доступен,200
https://backend.yaltaintourist-doc.ru/user/login,Сайт доступен,200
https://yaltaintourist.ru/,Сайт доступен,200
